profile,documents,index_set,index_count,baseline_p50_ms,context_p50_ms,p50_change_percent,baseline_p95_ms,context_p95_ms,p95_change_percent,context_combined_p50_ms,baseline_reads,context_reads,context_request_bytes
small,128,none,0,4171.456,2295.408,-44.97,5456.38,3362.597,-38.37,4085.437,4,0,3388
small,128,one,1,4714.72,2916.268,-38.15,5997.215,4247.037,-29.18,4525.124,6,2,3524
small,128,two,2,5238.657,3451.015,-34.12,6632.015,4857.638,-26.75,5173.449,8,4,3654
medium,5000,none,0,4058.949,2476.464,-38.99,5243.663,3340.323,-36.3,4161.225,4,0,12854
medium,5000,one,1,4876.702,3155.221,-35.3,6414.077,4324.162,-32.58,4792.358,6,2,12991
medium,5000,two,2,5590.806,4001.751,-28.42,7099.869,5393.936,-24.03,5609.342,8,4,13123
large,25000,none,0,4059.088,2399.824,-40.88,5535.96,3541.146,-36.03,4103.498,4,0,43774
large,25000,one,1,5435.619,3753.695,-30.94,6981.557,5948.209,-14.8,5558.747,6,2,43912
large,25000,two,2,6928.627,5251.627,-24.2,8804.772,6788.671,-22.9,6991.155,8,4,44046
