case,profile,documents,indexes,layout,baseline_successful,baseline_failed,baseline_p50_ms,baseline_p95_ms,current_successful,current_failed,current_p50_ms,current_p95_ms,p50_change_percent,p95_change_percent,current_mean_reads,current_mean_read_bytes,current_mean_writes,current_mean_write_bytes
write-small-none-snapshot,small,128,none,snapshot,56,0,2100.461,3026.32,53,3,2978.318,4505.005,41.79,48.86,2,2848,2,2864
write-medium-none-snapshot,medium,5000,none,snapshot,56,0,2272.999,3177.557,56,0,2989.054,5242.716,31.5,64.99,2,88016,2,88113
write-large-none-snapshot,large,25000,none,snapshot,56,0,2717.546,4479.083,56,0,3397.365,5317.216,25.02,18.71,2,448436,2,448534
write-small-none-trie,small,128,none,trie,56,0,4126.867,6011.761,56,0,5368.26,8351.426,30.08,38.92,4,1600,4,1622
write-medium-none-trie,medium,5000,none,trie,56,0,4072.193,5689.753,56,0,5409.676,9037.611,32.84,58.84,4,2596,4,2618
write-large-none-trie,large,25000,none,trie,56,0,4139.586,5737.334,56,0,5291.719,8486.504,27.83,47.92,4,4447,4,4475
write-small-one-snapshot,small,128,one,snapshot,56,0,3037.425,4399.649,56,0,3204.002,5091.592,5.48,15.73,3,4940,3,4958
write-medium-one-snapshot,medium,5000,one,snapshot,56,0,3397.059,4597.134,56,0,3326.308,5572.124,-2.08,21.21,3,153935,3,154035
write-large-one-snapshot,large,25000,one,snapshot,56,0,5871.54,8852.391,56,0,5538.961,9553.943,-5.66,7.93,3,774574,3,774673
write-small-one-trie,small,128,one,trie,56,0,5373.449,7530.627,56,0,6174.989,9647.554,14.92,28.11,6,5740,5,3741
write-medium-one-trie,medium,5000,one,trie,56,0,5532.172,7472.034,56,0,6231.321,10327.195,12.64,38.21,6,134394,5,68571
write-large-one-trie,large,25000,one,trie,56,0,6299.689,8879.452,56,0,6882.601,11607.225,9.25,30.72,6,656671,5,330639
write-small-two-snapshot,small,128,two,snapshot,56,0,4266.52,6005.073,56,0,3823.22,6161.786,-10.39,2.61,4,7324,4,7344
write-medium-two-snapshot,medium,5000,two,snapshot,56,0,4484.028,6366.481,56,0,4180.627,7494.764,-6.77,17.72,4,234118,4,234228
write-large-two-snapshot,large,25000,two,snapshot,56,0,8087.686,11373.033,56,0,6824.246,13563.154,-15.62,19.26,4,1171641,4,1171751
write-small-two-trie,small,128,two,trie,56,0,6566.902,9677.609,56,0,6662.925,10443.295,1.46,7.91,8,10445,6,6128
write-medium-two-trie,medium,5000,two,trie,56,0,6963.055,9934.56,56,0,6917.439,10634.009,-0.66,7.04,8,294699,6,148765
write-large-two-trie,large,25000,two,trie,56,0,8592.996,11548.901,56,0,8278.351,13070.546,-3.66,13.18,8,1450744,6,727720
